user_id,age,country,subscription_tier,monthly_spend,last_login_date,satisfaction_score,feedback_text,churned,latitude,longitude,static_column
user_0,27,UK,Free,115.60345985938932,2023-10-15 17:16:46,4,"Amazing service, loved it!",0,41.48186151359984,-122.98407186382954,constant_value
user_1,50,UK,Free,1.4951453315636132,2023-09-27 17:26:02,1,Could be better.,0,32.542326496483454,-107.0770657261838,constant_value
user_2,40,USA,Free,18.618537010084534,2023-01-17 17:14:23,1,The UI is a bit confusing.,1,30.722958862677746,-120.79698563912248,constant_value
user_3,38,Australia,Premium,104.47494920610286,2023-11-10 08:06:10,4,Best product in the market.,0,42.333875266789875,-93.58765445489745,constant_value
user_4,19,USA,Premium,61.0219425456978,2023-04-01 00:44:22,3,I found a bug on the checkout page.,1,48.299314182608924,-94.04480896458196,constant_value
user_5,43,UK,Premium,13.09020961922166,2023-06-21 00:29:40,4,Customer support was very helpful.,0,43.15214294604241,-91.5875045113736,constant_value
user_6,28,USA,Free,62.710294825596556,2023-10-14 02:39:07,3,It's okay for the price.,0,28.16864408948639,-116.64272422533072,constant_value
user_7,32,Australia,Free,14.248455051100112,2023-03-18 18:25:28,5,I will definitely renew my subscription.,0,35.473814541544165,-124.21108616818924,constant_value
user_8,36,USA,Premium,60.02962022869207,2023-01-04 22:00:04,4,The new feature is fantastic!,0,36.97261140602756,-86.76383671050549,constant_value
user_9,17,Australia,Premium,44.27467982139113,2023-09-08 20:48:07,5,Had some issues with payment processing.,0,35.249644228158175,-87.93952420935432,constant_value
user_10,38,USA,Free,28.03156962611193,2023-09-03 05:23:44,2,"Amazing service, loved it!",1,27.52961703710731,-87.3756145278501,constant_value
user_11,38,UK,Basic,0.3665150605821843,2023-03-22 09:31:46,1,Could be better.,1,37.47484201654771,-121.631037726908,constant_value
user_12,43,Canada,Premium,34.51762707962018,2023-04-05 02:56:10,4,The UI is a bit confusing.,0,30.461475978300456,-104.26024940207098,constant_value
user_13,16,USA,Free,20.37733121366011,2023-02-23 06:07:06,5,Best product in the market.,0,41.59229477632907,-113.54681406896553,constant_value
user_14,45,Canada,Premium,13.816369258982537,2023-08-06 15:44:51,3,I found a bug on the checkout page.,0,25.022844027460565,-119.78299458041887,constant_value
user_15,19,UK,Free,96.908563885543,2023-01-30 04:27:09,1,Customer support was very helpful.,0,44.92620643585455,-68.99697490993151,constant_value
user_16,42,USA,Free,50.12700522287271,2023-12-13 00:26:58,1,It's okay for the price.,1,43.40379872431634,-105.54189070149793,constant_value
user_17,24,USA,Free,60.803120050673385,2023-04-05 15:21:31,4,I will definitely renew my subscription.,0,38.08588394766567,-110.34024891325852,constant_value
user_18,32,UK,Free,74.87982639972833,2023-06-06 23:09:13,3,The new feature is fantastic!,0,35.75379199601434,-67.66704982826592,constant_value
user_19,30,USA,Premium,58.50855340317656,2023-10-29 14:51:45,1,Had some issues with payment processing.,0,27.99973158863784,-68.73386970446144,constant_value
user_20,44,UK,Free,73.67941276880865,2023-05-20 04:27:41,1,"Amazing service, loved it!",0,37.223704630268735,-90.42423098630147,constant_value
user_21,38,UK,Premium,18.4927319380153,2023-12-03 14:25:20,2,Could be better.,1,42.2747690668764,-85.77616040325927,constant_value
user_22,32,Canada,Free,93.00187316448707,2023-02-06 14:57:04,3,The UI is a bit confusing.,0,43.87350646229243,-83.35954282275345,constant_value
user_23,21,USA,Free,69.55187018651293,2023-08-27 21:05:53,1,Best product in the market.,0,31.355248769164774,-94.9339170784783,constant_value
user_24,27,USA,Premium,74.77395563811605,2023-06-29 02:09:37,1,I found a bug on the checkout page.,0,41.81999572177954,-102.28736954319527,constant_value
user_25,31,UK,Free,50.42096388542147,2023-08-14 15:54:11,4,Customer support was very helpful.,1,31.695662684115405,-80.43172359525526,constant_value
user_26,45,Canada,Premium,37.878349187209544,2023-07-02 09:26:10,5,It's okay for the price.,1,29.999453995926363,-67.93506921181913,constant_value
user_27,28,UK,Free,28.136046412095247,2023-07-24 04:16:06,4,I will definitely renew my subscription.,0,39.143961850543334,-110.31120166241145,constant_value
user_28,37,USA,Free,15.44936331119986,2023-04-01 07:14:12,3,The new feature is fantastic!,0,45.88456796266469,-66.95485102632973,constant_value
user_29,32,Australia,Free,58.71282038927741,2023-12-31 07:22:27,1,Had some issues with payment processing.,0,47.360220880671825,-86.12025025785664,constant_value
user_30,44,Australia,Free,28.157160504669445,2023-10-05 06:03:39,3,"Amazing service, loved it!",0,32.265579609109004,-69.33890478501475,constant_value
user_31,51,Canada,Premium,49.87105399791895,2023-08-10 08:07:20,4,Could be better.,0,39.40245232220549,-111.80307867772028,constant_value
user_32,3,Canada,Basic,60.65037413680464,2023-10-05 20:26:51,2,The UI is a bit confusing.,1,48.70735103351288,-72.78420828781955,constant_value
user_33,52,Australia,Free,26.850192343333447,2023-06-15 17:53:41,1,Best product in the market.,0,42.39936601956348,-123.3105619840922,constant_value
user_34,47,USA,Free,118.72099636396999,2023-09-10 04:37:28,4,I found a bug on the checkout page.,1,37.12366618211418,-98.15020116662146,constant_value
user_35,51,USA,Free,41.55076123397045,2023-08-19 03:09:56,4,Customer support was very helpful.,0,41.52418561959468,-92.72467215177275,constant_value
user_36,51,USA,Free,43.66494057534522,2023-10-15 07:13:33,4,It's okay for the price.,0,36.87204760522325,-118.0681641023733,constant_value
user_37,29,Canada,Premium,3.6320787200466387,2023-03-04 13:10:50,4,I will definitely renew my subscription.,1,41.19000734260369,-113.34146433568668,constant_value
user_38,35,USA,Premium,44.96168827551336,2023-02-18 01:30:34,3,The new feature is fantastic!,1,38.38266943214159,-123.24574911621438,constant_value
user_39,40,USA,Basic,100.99319943361904,2023-04-07 19:06:37,4,Had some issues with payment processing.,0,41.68204937089301,-83.46017572372955,constant_value
user_40,52,USA,Premium,75.67775319873974,2023-12-17 03:03:37,1,"Amazing service, loved it!",0,39.92255094429034,-107.76579181225361,constant_value
user_41,37,Australia,Premium,85.63984155567351,2023-06-30 16:46:51,2,Could be better.,0,31.78160440129475,-99.71279676815155,constant_value
user_42,32,USA,Free,59.862893660424945,2023-01-12 23:57:40,3,The UI is a bit confusing.,0,31.27774994815728,-86.8647836530408,constant_value
user_43,39,Australia,Premium,59.71569131505035,2023-11-17 16:48:59,5,Best product in the market.,0,45.032844944541765,-82.82010098677242,constant_value
user_44,42,USA,Free,35.40124588144421,2023-07-09 04:08:14,3,I found a bug on the checkout page.,0,33.64129284573426,-102.86503235759896,constant_value
user_45,51,USA,Free,95.63260016029392,2023-11-21 12:00:19,1,Customer support was very helpful.,0,26.455563598856777,-95.45303876681771,constant_value
user_46,38,UK,Free,85.84918063858105,2023-10-25 07:43:18,1,It's okay for the price.,0,41.36624480748308,-83.54365030881948,constant_value
user_47,33,Canada,Premium,70.59892192968248,2023-03-08 08:07:37,2,I will definitely renew my subscription.,0,36.118237074588755,-109.98312090097137,constant_value
user_48,40,Canada,Free,96.64914516663806,2023-07-01 14:59:10,4,The new feature is fantastic!,0,30.814589187856452,-100.93734632354814,constant_value
user_49,37,UK,Basic,24.224247883560558,2023-12-07 20:53:06,5,Had some issues with payment processing.,0,39.42072508369915,-83.97932757980647,constant_value
user_50,52,Australia,Free,26.183124253003783,2023-10-31 00:36:26,3,"Amazing service, loved it!",1,28.120453399676197,-111.89268618052488,constant_value
user_51,30,UK,Free,0.0,2023-02-11 16:36:13,1,Could be better.,1,37.90932162499481,-83.75696047202638,constant_value
user_52,36,Canada,Premium,30.49266759919565,2023-10-19 02:04:43,3,The UI is a bit confusing.,0,26.268192075332532,-95.3564610763346,constant_value
user_53,37,UK,Premium,53.0530273672831,2023-06-02 15:40:02,2,Best product in the market.,0,35.466313901044444,-76.67291500054074,constant_value
user_54,37,UK,Premium,23.632845899321715,2023-01-21 17:59:13,3,I found a bug on the checkout page.,0,32.514674452682016,-94.12255757979537,constant_value
user_55,31,USA,Free,0.0,2023-06-25 06:50:22,1,Customer support was very helpful.,0,31.20098335809972,-71.4535844658597,constant_value
user_56,28,USA,Free,47.943634298154386,2023-07-12 02:47:03,2,It's okay for the price.,0,39.58095913037433,-76.75287583500771,constant_value
user_57,34,USA,Free,95.50778149890553,2023-03-26 20:10:50,5,I will definitely renew my subscription.,1,36.51231682010113,-68.42393542113017,constant_value
user_58,16,Canada,Free,15.857938595342358,2023-11-09 04:16:33,5,The new feature is fantastic!,1,26.853130555454037,-90.75142991888937,constant_value
user_59,34,USA,Free,35.7069621529384,2023-07-16 13:53:41,4,Had some issues with payment processing.,0,40.687975573433164,-116.53410039656427,constant_value
user_60,54,UK,Premium,61.968455168736256,2023-04-01 11:39:58,3,"Amazing service, loved it!",0,40.31997723093834,-124.4285610232057,constant_value
user_61,38,USA,Free,11.393243418181964,2023-07-21 20:25:47,1,Could be better.,0,30.565258199194645,-93.65045208280016,constant_value
user_62,39,UK,Free,0.0,2023-08-23 16:13:38,2,The UI is a bit confusing.,0,37.73827184593456,-104.05356015454288,constant_value
user_63,40,USA,Premium,56.39737614891471,2023-12-04 03:24:33,1,Best product in the market.,0,36.416718124983134,-79.699893279444,constant_value
user_64,17,Australia,Free,83.22846367105403,2023-02-06 15:13:25,5,I found a bug on the checkout page.,0,43.294892687904024,-108.74867027767193,constant_value
user_65,42,USA,Premium,60.77937568230375,2023-12-27 03:08:34,2,Customer support was very helpful.,0,30.53078948458283,-117.1972314686305,constant_value
user_66,43,USA,Free,77.52604307401967,2023-07-04 19:41:30,2,It's okay for the price.,0,41.09417744010498,-90.70678874507271,constant_value
user_67,27,USA,Premium,50.492357982958104,2023-04-20 05:50:08,1,I will definitely renew my subscription.,0,30.80282222459174,-102.97745526291449,constant_value
user_68,41,Canada,Free,4.5439657214921105,2023-06-10 16:11:20,1,The new feature is fantastic!,1,46.32447328644419,-118.88832356285309,constant_value
user_69,37,USA,Basic,45.3363712129165,2023-02-03 19:23:35,3,Had some issues with payment processing.,0,48.81071072615149,-77.3261880349248,constant_value
user_70,36,UK,Basic,35.26864139522812,2023-07-18 01:08:40,5,"Amazing service, loved it!",1,49.485814621769784,-98.50087791031949,constant_value
user_71,33,USA,Free,77.64477180296649,2023-02-22 06:58:04,3,Could be better.,0,35.67096140229161,-93.7124089278576,constant_value
user_72,33,USA,Free,46.190647250211256,2023-06-01 17:45:18,4,The UI is a bit confusing.,0,32.09501568956851,-115.23543662424754,constant_value
user_73,51,UK,Free,34.11848666910382,2023-09-24 01:59:49,4,Best product in the market.,0,28.399244794670604,-79.78916283556948,constant_value
user_74,21,USA,Premium,109.61218807426968,2023-05-05 06:57:04,1,I found a bug on the checkout page.,0,41.20601247779241,-107.11671584512153,constant_value
user_75,37,Australia,Premium,27.274111643548295,2023-11-02 14:07:45,2,Customer support was very helpful.,1,47.77016198500363,-75.42792077967533,constant_value
user_76,20,Australia,Premium,29.127537546824797,2023-06-28 21:51:00,5,It's okay for the price.,1,36.01015205506537,-109.70585012230015,constant_value
user_77,44,USA,Free,77.29470662663596,2023-12-01 12:25:23,1,I will definitely renew my subscription.,0,40.61127278989456,-102.7104448460725,constant_value
user_78,16,Canada,Basic,27.000778569885558,2023-09-15 06:42:31,5,The new feature is fantastic!,1,31.882593803980882,-117.41551435066224,constant_value
user_79,54,Canada,Free,29.5661000452237,2023-10-28 06:57:55,2,Had some issues with payment processing.,0,34.536397946841255,-80.46712874558416,constant_value
user_80,49,USA,Free,35.967821949210496,2023-05-09 17:27:57,2,"Amazing service, loved it!",0,36.18917933849076,-123.27142183837941,constant_value
user_81,28,UK,Free,21.075988680979563,2023-08-27 06:44:55,1,Could be better.,1,33.94487112728571,-84.80533764306128,constant_value
user_82,37,Canada,Free,39.59293266399563,2023-06-16 18:26:36,3,The UI is a bit confusing.,0,39.90506256977286,-76.57514876235338,constant_value
user_83,27,Australia,Free,23.830498534699167,2023-07-29 19:54:45,2,Best product in the market.,0,46.48220727646973,-104.71435116058676,constant_value
user_84,56,Canada,Free,47.32814926370375,2023-07-19 04:32:20,1,I found a bug on the checkout page.,1,42.29772476512174,-92.10171013941952,constant_value
user_85,24,UK,Free,73.26891560650068,2023-03-08 21:35:48,2,Customer support was very helpful.,0,26.64010801829335,-95.75162359337192,constant_value
user_86,39,USA,Premium,56.62204210352716,2023-08-07 14:40:22,1,It's okay for the price.,0,39.80316663577561,-69.15176558501014,constant_value
user_87,43,UK,Premium,57.89192944535273,2023-03-19 17:55:06,1,I will definitely renew my subscription.,0,42.74321386392896,-117.66227928760723,constant_value
user_88,34,UK,Premium,31.242154578254826,2023-09-03 04:25:35,4,The new feature is fantastic!,0,35.45543326782849,-119.44666614606298,constant_value
user_89,32,UK,Premium,75.04423086763951,2023-12-23 16:33:13,5,Had some issues with payment processing.,0,26.55666480590427,-95.64944288655865,constant_value
user_90,12,USA,Free,9.33476486072916,2023-07-01 19:08:50,5,"Amazing service, loved it!",1,41.42854667422709,-65.24332321223427,constant_value
user_91,41,UK,Free,53.24672331099461,2023-03-18 04:40:03,3,Could be better.,0,32.234071260168655,-71.90938639156641,constant_value
user_92,32,Australia,Basic,3.840679435316413,2023-07-10 04:03:22,5,The UI is a bit confusing.,0,34.83336541002341,-108.74815699783028,constant_value
user_93,39,USA,Free,38.14601246955543,2023-07-10 07:40:40,5,Best product in the market.,1,25.13797824239953,-111.36599530455067,constant_value
user_94,27,Canada,Premium,47.44416192723385,2023-07-24 09:27:22,1,I found a bug on the checkout page.,1,48.53967703395823,-75.63901727531959,constant_value
user_95,46,UK,Free,27.62497044498569,2023-01-13 06:57:26,2,Customer support was very helpful.,0,42.3764909455824,-123.83994570757147,constant_value
user_96,58,UK,Premium,82.41318349929439,2023-05-03 01:40:10,4,It's okay for the price.,0,47.75934885086581,-104.81149026359444,constant_value
user_97,22,UK,Free,77.07087884687002,2023-10-10 18:45:25,4,I will definitely renew my subscription.,1,37.933609103758265,-104.92819250690434,constant_value
user_98,43,USA,Premium,39.79114059054645,2023-12-02 22:12:34,5,The new feature is fantastic!,0,32.99076775401369,-100.60883518309564,constant_value
user_99,33,USA,Free,79.68587394996474,2023-05-03 09:37:11,4,Had some issues with payment processing.,0,49.775995870836795,-113.83965935500589,constant_value
user_100,30,UK,Premium,54.65252107585198,2023-02-07 00:25:55,1,"Amazing service, loved it!",0,30.948176489147013,-91.36457850249302,constant_value
user_101,40,UK,Free,120.1381143223467,2023-11-01 00:44:41,5,Could be better.,0,34.43069224169184,-94.07618996737668,constant_value
user_102,29,USA,Free,70.25164445978493,2023-01-07 10:23:31,2,The UI is a bit confusing.,0,45.401592421161034,-68.60599937757424,constant_value
user_103,35,USA,Free,43.77548716072069,2023-01-10 17:15:55,2,Best product in the market.,0,30.81824751749257,-96.64306665832693,constant_value
user_104,16,USA,Free,67.38925943044316,2023-09-11 23:57:50,3,I found a bug on the checkout page.,0,26.396113719203424,-108.85662224266947,constant_value
user_105,27,USA,Basic,56.80145977615272,2023-09-20 00:24:04,4,Customer support was very helpful.,1,32.138999825508,-107.43559738236267,constant_value
user_106,36,USA,Free,73.52515040258916,2023-08-07 13:31:17,1,It's okay for the price.,0,49.800273492249396,-105.80736137182741,constant_value
user_107,42,USA,Free,38.116284445969576,2023-11-06 09:49:02,4,I will definitely renew my subscription.,0,34.455684901427425,-102.5643682901331,constant_value
user_108,19,USA,Free,21.83032343708134,2023-09-03 23:45:17,4,The new feature is fantastic!,1,25.41047655568164,-105.26234485306352,constant_value
user_109,42,USA,Free,44.84188620360554,2023-02-15 04:17:24,5,Had some issues with payment processing.,0,36.08914130576105,-107.11941542681959,constant_value
user_110,24,Canada,Free,36.568681397189536,2023-03-25 11:03:12,3,"Amazing service, loved it!",0,41.389949343462035,-120.48796947368378,constant_value
user_111,45,USA,Free,63.773201958287935,2023-10-24 03:56:08,3,Could be better.,0,43.68821947336043,-76.53655227808726,constant_value
user_112,45,UK,Free,43.246151921132515,2023-03-24 03:58:48,4,The UI is a bit confusing.,0,39.46200621364993,-120.39625736604796,constant_value
user_113,27,Canada,Premium,11.356002574484092,2023-02-17 02:50:03,2,Best product in the market.,0,37.745315948538305,-93.92814025836672,constant_value
user_114,33,Canada,Free,13.548419459645872,2023-11-16 17:28:55,3,I found a bug on the checkout page.,0,47.92123428743743,-92.60988662045693,constant_value
user_115,12,Canada,Free,29.940711536155018,2023-01-26 06:59:34,1,Customer support was very helpful.,0,33.187357886071176,-66.04672169888184,constant_value
user_116,34,USA,Premium,74.08403237480495,2023-11-17 23:21:01,3,It's okay for the price.,0,30.868868410578333,-98.18160570171067,constant_value
user_117,39,USA,Basic,0.0,2023-11-11 10:58:33,1,I will definitely renew my subscription.,0,33.61448527456268,-100.04922745361478,constant_value
user_118,46,Canada,Premium,50.81828645280813,2023-11-25 00:08:04,5,The new feature is fantastic!,0,28.140472266225405,-110.62474453392367,constant_value
user_119,35,USA,Free,24.64870627936218,2023-12-25 23:40:03,4,Had some issues with payment processing.,0,45.158783897232695,-84.32972128245247,constant_value
user_120,34,USA,Premium,59.08706069778278,2023-01-15 05:48:01,3,"Amazing service, loved it!",1,38.24371670183041,-79.51717207062447,constant_value
user_121,31,Australia,Basic,43.754245925246906,2023-06-12 16:44:34,2,Could be better.,1,37.835862328478306,-70.37912388866606,constant_value
user_122,45,Australia,Free,85.23685396492074,2023-05-29 14:10:28,5,The UI is a bit confusing.,0,43.45308787347712,-124.94814573268019,constant_value
user_123,36,USA,Free,40.05229143518059,2023-05-13 06:57:13,1,Best product in the market.,1,31.471109234823167,-105.44936323283943,constant_value
user_124,28,USA,Premium,83.09482453840991,2023-07-13 08:23:56,4,I found a bug on the checkout page.,0,46.028369332436775,-71.08887133616335,constant_value
user_125,37,Australia,Free,75.55343249395392,2023-03-22 17:37:47,2,Customer support was very helpful.,1,40.361635952162025,-67.26384392208229,constant_value
user_126,24,UK,Basic,84.90869643587337,2023-09-18 20:45:17,4,It's okay for the price.,0,28.485465750440696,-106.254213446362,constant_value
user_127,15,USA,Premium,0.0,2023-09-29 18:21:37,1,I will definitely renew my subscription.,0,47.33326744451645,-71.61612257696657,constant_value
user_128,21,UK,Free,82.74004999567569,2023-09-26 06:53:09,4,The new feature is fantastic!,1,49.29903576507742,-70.55020754593174,constant_value
user_129,49,USA,Free,0.0,2023-03-22 13:50:09,5,Had some issues with payment processing.,0,42.47266529398775,-106.32794167536106,constant_value
user_130,29,USA,Premium,0.0,2023-02-17 12:57:37,2,"Amazing service, loved it!",0,28.618672243492835,-104.1153028526142,constant_value
user_131,33,USA,Free,47.539788331909655,2023-02-21 06:04:14,1,Could be better.,0,45.846371627692164,-85.99816298833582,constant_value
user_132,37,UK,Free,64.17840687343488,2023-05-02 23:12:41,3,The UI is a bit confusing.,0,26.31471934600015,-118.99994884375221,constant_value
user_133,37,USA,Premium,22.42801522198297,2023-01-27 15:36:56,1,Best product in the market.,0,38.9998829508135,-92.2544935429583,constant_value
user_134,42,USA,Free,38.28398749452724,2023-07-18 18:28:55,3,I found a bug on the checkout page.,0,40.51383213586825,-97.7413202593242,constant_value
user_135,35,Canada,Free,44.975635174939335,2023-10-20 00:28:52,4,Customer support was very helpful.,0,40.565453080077816,-124.22828175309058,constant_value
user_136,38,USA,Free,58.297872649676165,2023-12-14 16:04:10,2,It's okay for the price.,0,26.027979588543655,-92.22170281586229,constant_value
user_137,23,Australia,Premium,63.68696433327373,2023-02-10 11:03:47,5,I will definitely renew my subscription.,1,28.417358021259087,-109.68813960738335,constant_value
user_138,35,USA,Free,51.87215856474468,2023-11-27 21:11:03,1,The new feature is fantastic!,0,40.153252965763926,-124.16661916026419,constant_value
user_139,38,UK,Basic,63.61699454628656,2023-01-26 05:28:31,4,Had some issues with payment processing.,0,40.01631045312467,-107.74898624535615,constant_value
user_140,51,Australia,Free,31.851048894653196,2023-11-13 16:00:35,2,"Amazing service, loved it!",0,43.943360138045925,-71.73214866733068,constant_value
user_141,32,USA,Premium,9.757453713979153,2023-11-10 13:41:01,3,Could be better.,1,44.96777246667592,-118.72589719921409,constant_value
user_142,36,Canada,Free,15.34895935492669,2023-12-02 10:49:08,2,The UI is a bit confusing.,0,45.77407542530075,-74.52018981737908,constant_value
user_143,57,Australia,Free,53.67321517988205,2023-01-24 21:12:47,4,Best product in the market.,1,30.670019984172132,-95.58226029359221,constant_value
user_144,40,Canada,Free,72.00702151226517,2023-05-08 02:59:01,5,I found a bug on the checkout page.,0,31.34144788282112,-102.55004938634751,constant_value
user_145,40,USA,Free,63.448586776456864,2023-11-20 18:04:20,3,Customer support was very helpful.,0,42.48070000272009,-98.41278266303871,constant_value
user_146,44,USA,Free,50.41848616022688,2023-05-15 10:12:44,2,It's okay for the price.,1,26.7030673113823,-79.17753666678546,constant_value
user_147,43,USA,Premium,38.13232559280803,2023-10-10 09:08:54,5,I will definitely renew my subscription.,0,28.619804679653257,-72.5027015768398,constant_value
user_148,46,USA,Premium,86.32391589636629,2023-04-28 21:07:23,2,The new feature is fantastic!,0,27.070313418371367,-96.13559309702637,constant_value
user_149,17,USA,Free,19.55401070849826,2023-09-01 03:07:53,3,Had some issues with payment processing.,1,49.337581078444416,-113.82603508867939,constant_value
user_150,28,USA,Premium,49.99389936501986,2023-03-29 00:38:08,1,"Amazing service, loved it!",0,31.986741930482147,-65.03837743815282,constant_value
user_151,21,UK,Premium,50.4380055039984,2023-01-15 04:09:43,4,Could be better.,0,43.023628893475625,-72.08407630958594,constant_value
user_152,11,USA,Free,45.40298999874693,2023-03-31 21:15:40,4,The UI is a bit confusing.,0,33.099422973416594,-78.21960893796651,constant_value
user_153,23,UK,Basic,31.36964686343183,2023-04-07 15:47:56,3,Best product in the market.,0,46.65886712163545,-75.0862640201887,constant_value
user_154,37,USA,Premium,65.02519276154874,2023-09-05 20:29:43,5,I found a bug on the checkout page.,0,49.72909211830443,-90.69017664439272,constant_value
user_155,50,Canada,Free,56.96099637046183,2023-02-27 17:08:31,1,Customer support was very helpful.,1,28.227789288165624,-122.46598859637575,constant_value
user_156,24,USA,Premium,22.85170369866541,2023-02-12 09:59:00,2,It's okay for the price.,0,41.521277960843086,-93.89748444536247,constant_value
user_157,48,Canada,Free,57.92017569256283,2023-06-25 12:39:30,4,I will definitely renew my subscription.,0,45.48396075828008,-109.67616966970643,constant_value
user_158,28,Australia,Premium,66.78928780915233,2023-09-18 22:59:05,4,The new feature is fantastic!,0,45.773239472995954,-91.10826997807384,constant_value
user_159,39,UK,Premium,16.159941986252193,2023-02-27 04:10:13,2,Had some issues with payment processing.,0,49.15003313986192,-84.56383900500995,constant_value
user_160,45,USA,Free,61.93396923283302,2023-09-26 05:54:08,2,"Amazing service, loved it!",0,31.648427136282546,-75.72380053927311,constant_value
user_161,35,USA,Free,67.77289906045775,2023-12-20 15:45:56,4,Could be better.,0,38.0977437713655,-81.05948945449074,constant_value
user_162,32,Canada,Premium,78.12662849127271,2023-04-28 08:12:11,1,The UI is a bit confusing.,1,41.76966908473803,-68.22026675476299,constant_value
user_163,33,UK,Free,51.1195205742799,2023-08-15 01:59:05,5,Best product in the market.,0,30.01763989693762,-117.52520261328425,constant_value
user_164,43,Australia,Free,57.56100425065148,2023-02-03 17:14:48,2,I found a bug on the checkout page.,0,44.9784813318894,-110.5829970414479,constant_value
user_165,38,UK,Free,50.99216911184408,2023-01-23 17:43:24,1,Customer support was very helpful.,0,27.26426908276135,-75.10256407088063,constant_value
user_166,43,Canada,Free,48.47451169413198,2023-08-08 20:56:20,4,It's okay for the price.,0,44.964873584566654,-70.69397856354554,constant_value
user_167,51,UK,Premium,43.17187474410595,2023-07-08 06:02:39,4,I will definitely renew my subscription.,0,26.8307461273826,-99.43541702343556,constant_value
user_168,30,USA,Free,76.52788288136684,2023-01-25 13:58:23,1,The new feature is fantastic!,0,37.284691495705914,-118.2790348646519,constant_value
user_169,34,USA,Free,69.81578220661095,2023-08-15 16:06:54,2,Had some issues with payment processing.,0,34.7284717448535,-86.52711529293572,constant_value
user_170,41,USA,Premium,75.77482565943157,2023-06-16 02:35:20,5,"Amazing service, loved it!",1,49.20051854467943,-85.89551941471694,constant_value
user_171,26,Canada,Free,41.586807780993034,2023-08-04 05:49:03,3,Could be better.,0,38.00684226931887,-83.44992166853565,constant_value
user_172,48,UK,Free,14.58096766200206,2023-01-31 09:33:49,4,The UI is a bit confusing.,0,32.850307503663856,-94.35117042911244,constant_value
user_173,32,USA,Free,58.24816354542717,2023-05-25 07:04:20,4,Best product in the market.,0,28.4336288528329,-109.2758352616772,constant_value
user_174,38,USA,Free,36.712231651076785,2023-01-15 18:07:11,2,I found a bug on the checkout page.,0,45.49843947253202,-103.27860349975882,constant_value
user_175,42,USA,Premium,72.63430489086737,2023-02-02 11:32:49,1,Customer support was very helpful.,0,42.75295610783716,-94.60468182524184,constant_value
user_176,34,UK,Free,24.367905609724218,2023-07-01 07:10:51,1,It's okay for the price.,1,26.545763173610716,-104.44625631810266,constant_value
user_177,26,USA,Free,35.32714756335246,2023-04-19 18:30:54,5,I will definitely renew my subscription.,0,31.88044599329876,-84.94330092594693,constant_value
user_178,28,USA,Free,79.63172125952204,2023-04-21 11:54:09,1,The new feature is fantastic!,0,42.442360000667485,-120.95897171199289,constant_value
user_179,43,USA,Premium,48.262139639154796,2023-01-24 21:22:42,5,Had some issues with payment processing.,0,46.96966971393081,-123.25483107528594,constant_value
user_180,28,UK,Free,60.74776764859217,2023-02-11 03:25:26,1,"Amazing service, loved it!",0,38.938599457853904,-91.21386342790048,constant_value
user_181,33,USA,Free,44.16075005428423,2023-12-26 19:10:29,5,Could be better.,0,32.45850441907826,-75.95246229256716,constant_value
user_182,23,UK,Free,44.01086097165168,2023-01-02 05:59:16,4,The UI is a bit confusing.,0,27.60713640576054,-117.09868459882895,constant_value
user_183,36,USA,Free,30.35788632313213,2023-03-18 20:53:30,4,Best product in the market.,0,25.91305877897005,-76.58333541331683,constant_value
user_184,31,UK,Free,103.22336901791085,2023-11-26 17:07:41,1,I found a bug on the checkout page.,0,25.56983287471592,-91.58601096824172,constant_value
user_185,14,Canada,Premium,35.0131892402931,2023-12-31 10:58:13,5,Customer support was very helpful.,0,33.25016987002577,-102.02661701873646,constant_value
user_186,28,Canada,Premium,68.19186515937729,2023-11-23 17:50:23,1,It's okay for the price.,0,41.52401463074401,-65.32015934777239,constant_value
user_187,34,USA,Free,77.26086470608716,2023-10-17 17:45:09,3,I will definitely renew my subscription.,0,33.275350155104746,-96.55153883429132,constant_value
user_188,41,UK,Premium,24.525133096078537,2023-05-18 05:44:43,3,The new feature is fantastic!,1,45.667503000433854,-106.88425919282508,constant_value
user_189,34,UK,Premium,19.933779108030798,2023-06-19 19:44:25,5,Had some issues with payment processing.,0,33.814023661179085,-78.29216133900131,constant_value
user_190,40,USA,Premium,58.48262224464868,2023-05-13 23:08:45,4,"Amazing service, loved it!",0,46.99571240697265,-85.26539875797697,constant_value
user_191,32,USA,Premium,18.863549221157992,2023-11-22 20:41:47,1,Could be better.,0,40.9137742267757,-97.71735200687823,constant_value
user_192,56,Australia,Premium,45.840733692960335,2023-05-22 20:49:19,1,The UI is a bit confusing.,0,49.273276351508116,-81.655659930146,constant_value
user_193,53,UK,Premium,12.727376387781831,2023-05-23 22:15:18,4,Best product in the market.,0,38.20521628930474,-104.82531364008696,constant_value
user_194,32,Canada,Premium,46.96336127861631,2023-05-24 02:36:22,3,I found a bug on the checkout page.,0,36.11434319666881,-74.58291144657679,constant_value
user_195,52,USA,Free,83.2801927391458,2023-05-06 03:45:16,3,Customer support was very helpful.,0,34.9200945310066,-71.62949350636612,constant_value
user_196,34,USA,Basic,74.58711113225968,2023-04-03 07:51:16,1,It's okay for the price.,0,28.597992931832458,-120.46063457105679,constant_value
user_197,47,Canada,Basic,52.11766724499348,2023-02-01 00:02:38,1,I will definitely renew my subscription.,1,43.7127310386083,-92.15719656799388,constant_value
user_198,38,Australia,Free,68.28762131715897,2023-04-20 18:28:21,3,The new feature is fantastic!,0,41.96724504982825,-100.8023253674903,constant_value
user_199,26,UK,Free,59.23394905562218,2023-07-16 11:04:07,5,Had some issues with payment processing.,0,26.90058604409434,-82.1079312731165,constant_value
user_200,37,Canada,Free,14.685314467014138,2023-10-14 12:18:24,3,"Amazing service, loved it!",0,46.670597251437584,-88.19817438651214,constant_value
user_201,44,Australia,Premium,36.35246600447024,2023-03-19 20:05:11,3,Could be better.,0,40.918982181939626,-76.38281950200248,constant_value
user_202,37,Canada,Free,43.981417758703245,2023-07-19 15:30:25,2,The UI is a bit confusing.,0,28.583127444124198,-120.33140041406035,constant_value
user_203,39,UK,Premium,79.720631868998,2023-05-28 11:54:19,1,Best product in the market.,0,43.40811191820349,-68.82609018366274,constant_value
user_204,64,USA,Premium,66.14460280013262,2023-04-09 18:05:13,4,I found a bug on the checkout page.,0,44.14225676550926,-95.76343183527986,constant_value
user_205,34,USA,Premium,61.90547947494266,2023-09-20 20:28:20,2,Customer support was very helpful.,1,35.65680378538303,-66.18267048406697,constant_value
user_206,30,Canada,Free,42.04673112020855,2023-03-18 02:15:15,1,It's okay for the price.,0,29.005033490348552,-121.69954937603794,constant_value
user_207,31,USA,Free,5.26663994452154,2023-06-08 20:26:54,4,I will definitely renew my subscription.,1,36.173713097583146,-111.50721201575963,constant_value
user_208,36,Canada,Premium,69.90379692534127,2023-03-19 16:29:41,2,The new feature is fantastic!,0,34.99368408913385,-71.3028220717966,constant_value
user_209,38,UK,Premium,50.25230664048434,2023-09-18 22:14:52,5,Had some issues with payment processing.,0,34.77430559767561,-79.85081444264777,constant_value
user_210,28,USA,Premium,59.40521422465095,2023-11-29 06:48:20,2,"Amazing service, loved it!",0,27.173950421590742,-85.70815059642558,constant_value
user_211,23,USA,Free,22.08466610294389,2023-05-27 13:45:15,5,Could be better.,0,46.022168227084826,-67.38535717986795,constant_value
user_212,40,UK,Free,54.92584957809433,2023-10-09 23:12:34,2,The UI is a bit confusing.,0,37.991360716518585,-75.49714790112517,constant_value
user_213,14,Australia,Premium,37.741361695644926,2023-03-24 09:07:17,4,Best product in the market.,0,43.01874057767879,-66.25844128619372,constant_value
user_214,42,Canada,Free,75.15792359939134,2023-08-24 08:57:31,3,I found a bug on the checkout page.,0,47.59080374762042,-81.62190389065681,constant_value
user_215,16,USA,Premium,64.81257284048631,2023-06-07 17:33:30,4,Customer support was very helpful.,1,29.426248901162865,-82.07892391755502,constant_value
user_216,45,USA,Free,21.93953115292499,2023-04-16 12:20:42,5,It's okay for the price.,0,32.83188702159997,-70.58163211592542,constant_value
user_217,38,UK,Premium,35.87473469966745,2023-01-22 22:08:06,5,I will definitely renew my subscription.,0,36.29526502581506,-74.88343402255894,constant_value
user_218,37,UK,Free,81.59749601994895,2023-02-07 20:19:38,2,The new feature is fantastic!,1,36.019340734832284,-66.43303756752111,constant_value
user_219,33,USA,Premium,83.27202319797159,2023-07-17 22:31:31,2,Had some issues with payment processing.,1,31.765030069786334,-81.52038744495508,constant_value
user_220,12,USA,Free,68.2177122441446,2023-12-27 03:38:56,5,"Amazing service, loved it!",1,34.822996875574304,-91.35062801129872,constant_value
user_221,26,USA,Free,60.03716169736556,2023-03-04 15:16:02,1,Could be better.,0,33.52222592058745,-91.97324060214383,constant_value
user_222,32,UK,Free,69.06558471436209,2023-03-19 21:03:30,1,The UI is a bit confusing.,0,43.73869144109447,-85.17263345117978,constant_value
user_223,23,Canada,Basic,73.24954012174376,2023-10-27 08:23:33,2,Best product in the market.,1,44.583751252236546,-65.45964940933169,constant_value
user_224,27,USA,Free,44.620266780619154,2023-04-26 12:20:42,5,I found a bug on the checkout page.,0,30.318116525063267,-119.27325907973487,constant_value
user_225,23,USA,Free,34.63793741652415,2023-10-05 15:51:51,3,Customer support was very helpful.,0,26.150272817611206,-112.65706840860418,constant_value
user_226,37,USA,Premium,77.74667768441068,2023-02-22 07:25:32,5,It's okay for the price.,1,44.30049479294328,-78.05279290982725,constant_value
user_227,28,USA,Free,77.00093287432094,2023-03-05 11:08:55,3,I will definitely renew my subscription.,1,37.02545377074728,-68.42415680604067,constant_value
user_228,32,UK,Free,94.52762120442812,2023-02-12 15:55:26,3,The new feature is fantastic!,1,38.02400621617181,-80.32644442208564,constant_value
user_229,17,Canada,Free,83.47449524337124,2023-11-04 18:04:56,3,Had some issues with payment processing.,1,39.31988681347488,-89.04162062437864,constant_value
user_230,48,UK,Premium,36.6547920221929,2023-02-28 18:42:27,3,"Amazing service, loved it!",0,38.80060027271635,-116.72185195318653,constant_value
user_231,36,USA,Basic,50.048351440695185,2023-06-23 16:11:11,3,Could be better.,1,39.93204888307913,-82.16968677488502,constant_value
user_232,36,USA,Free,4.303897066549755,2023-12-08 09:56:46,3,The UI is a bit confusing.,0,43.39697391364248,-117.17718488779956,constant_value
user_233,25,USA,Premium,30.507426821905536,2023-01-04 02:26:59,3,Best product in the market.,0,25.28694952980606,-109.77728035922864,constant_value
user_234,18,USA,Free,70.10413254546125,2023-01-20 14:51:10,3,I found a bug on the checkout page.,0,41.389025531941016,-73.94757200701422,constant_value
user_235,32,UK,Premium,63.07274921703674,2023-07-19 12:54:31,2,Customer support was very helpful.,0,48.96436603856612,-90.21659633287693,constant_value
user_236,45,USA,Premium,96.2157481940913,2023-05-15 21:06:31,3,It's okay for the price.,0,41.159263238985105,-70.04236398689018,constant_value
user_237,27,UK,Free,61.10113573647265,2023-11-26 02:11:09,2,I will definitely renew my subscription.,1,32.59716211935492,-77.15273768005905,constant_value
user_238,39,USA,Free,70.12295884008051,2023-08-27 21:19:36,5,The new feature is fantastic!,0,27.24547715034245,-84.9534425598658,constant_value
user_239,20,Canada,Basic,5.515940566101901,2023-04-03 09:39:04,5,Had some issues with payment processing.,0,39.029094547785824,-65.69898831925602,constant_value
user_240,46,USA,Free,43.72872436548706,2023-08-15 17:03:17,3,"Amazing service, loved it!",0,30.258539568744016,-112.61850342757306,constant_value
user_241,31,Australia,Free,63.03554144654447,2023-11-09 06:36:39,3,Could be better.,0,49.780118011866186,-101.16222101704899,constant_value
user_242,46,UK,Free,48.018606801469325,2023-09-15 01:27:35,4,The UI is a bit confusing.,0,45.718791725875235,-72.1977304316923,constant_value
user_243,48,USA,Free,59.2271984625952,2023-01-23 01:44:08,2,Best product in the market.,1,39.70085189258578,-97.74809917427787,constant_value
user_244,32,UK,Premium,80.29474983237682,2023-02-04 09:04:04,2,I found a bug on the checkout page.,0,32.35683105761675,-81.90623102693544,constant_value
user_245,19,USA,Free,47.64824387128378,2023-11-22 09:08:33,5,Customer support was very helpful.,1,31.761821455933436,-65.49874348008514,constant_value
user_246,18,USA,Free,42.63791168941219,2023-05-21 19:55:17,5,It's okay for the price.,1,41.97393992822086,-99.24048970241091,constant_value
user_247,43,USA,Premium,58.75140759355923,2023-08-23 08:23:59,1,I will definitely renew my subscription.,1,29.576297146320364,-100.65413323587597,constant_value
user_248,42,UK,Premium,38.150084145876235,2023-09-30 16:00:09,1,The new feature is fantastic!,0,29.2371393553503,-80.54605913300345,constant_value
user_249,13,USA,Free,16.518820188330217,2023-10-16 03:40:13,4,Had some issues with payment processing.,0,42.12802883395976,-121.8837774641065,constant_value
user_250,35,USA,Free,0.0,2023-06-09 21:39:44,4,"Amazing service, loved it!",0,46.77563958704708,-108.92123937948045,constant_value
user_251,33,Australia,Free,68.6657425366782,2023-04-23 21:52:25,3,Could be better.,0,31.01402970978511,-122.82795201926068,constant_value
user_252,31,USA,Free,67.84832315303743,2023-08-23 10:30:12,4,The UI is a bit confusing.,0,38.475807821985896,-101.87152510893553,constant_value
user_253,39,Canada,Free,39.09834810291922,2023-08-07 11:45:39,4,Best product in the market.,0,28.299299874831636,-67.18505843374757,constant_value
user_254,18,Australia,Free,64.81100178824903,2023-11-03 05:19:58,3,I found a bug on the checkout page.,0,39.69174319831723,-107.47891184721874,constant_value
user_255,36,USA,Free,70.0559196799786,2023-06-19 16:12:28,1,Customer support was very helpful.,0,29.225992355960756,-78.70948299382572,constant_value
user_256,25,USA,Free,40.74041177819146,2023-07-31 21:58:56,4,It's okay for the price.,0,39.32633809485197,-102.05710773993331,constant_value
user_257,30,USA,Premium,27.166767475363,2023-06-22 15:30:14,1,I will definitely renew my subscription.,0,30.935110889380084,-68.48228462675384,constant_value
user_258,29,UK,Free,51.29255326258903,2023-03-11 17:29:32,3,The new feature is fantastic!,1,46.449897305970964,-75.75604676765388,constant_value
user_259,25,UK,Premium,79.01991071834199,2023-05-16 15:59:04,1,Had some issues with payment processing.,0,43.11221169311833,-79.59877582104713,constant_value
user_260,42,UK,Free,69.50664940332405,2023-03-31 18:08:18,2,"Amazing service, loved it!",0,44.42147100476014,-101.58711109963723,constant_value
user_261,17,USA,Premium,59.1206001116907,2023-06-26 01:47:47,4,Could be better.,0,32.55733007552103,-94.75852487805764,constant_value
user_262,41,UK,Premium,81.34415839089206,2023-03-24 14:34:35,1,The UI is a bit confusing.,1,28.834874100433158,-65.83442192592587,constant_value
user_263,42,UK,Premium,41.53041785317062,2023-09-07 09:47:36,5,Best product in the market.,1,41.43511092294582,-117.25644167847761,constant_value
user_264,40,USA,Free,68.51299821136782,2023-11-26 02:50:25,3,I found a bug on the checkout page.,0,35.19139520025341,-75.73038190117391,constant_value
user_265,44,USA,Premium,69.76990703760733,2023-10-20 03:46:14,4,Customer support was very helpful.,0,41.763088486863126,-73.86658124442562,constant_value
user_266,32,USA,Free,88.66122106721531,2023-11-26 03:44:20,4,It's okay for the price.,0,25.57333650793775,-88.68539113106148,constant_value
user_267,53,Canada,Free,51.210358661019576,2023-03-08 15:53:20,4,I will definitely renew my subscription.,0,36.96733806655036,-100.40827065016296,constant_value
user_268,39,Australia,Free,45.09009020988732,2023-02-25 01:44:36,3,The new feature is fantastic!,0,44.8545861182076,-91.54725755254253,constant_value
user_269,27,Canada,Free,58.00580929888744,2023-11-25 05:10:24,1,Had some issues with payment processing.,0,29.253670706985773,-108.51031753841467,constant_value
user_270,26,Canada,Free,65.40052657656321,2023-07-04 00:41:16,5,"Amazing service, loved it!",0,49.64348370589768,-122.63239728561751,constant_value
user_271,40,USA,Free,12.053534192617905,2023-07-23 07:09:00,1,Could be better.,0,41.51085559790921,-107.57285382909023,constant_value
user_272,44,USA,Free,70.57298619161996,2023-05-13 08:10:17,3,The UI is a bit confusing.,0,47.37684856741547,-119.67083993444064,constant_value
user_273,32,USA,Free,26.526476171004607,2023-08-19 06:27:41,4,Best product in the market.,0,32.49041759662315,-78.58676478470925,constant_value
user_274,34,UK,Free,59.43244143726914,2023-09-10 14:54:47,4,I found a bug on the checkout page.,0,45.55306676692396,-78.17357349141047,constant_value
user_275,43,Canada,Free,31.435496361848717,2023-04-06 04:57:33,1,Customer support was very helpful.,0,49.6513665778445,-114.49588792344534,constant_value
user_276,25,UK,Free,93.88876270372548,2023-07-16 01:49:18,1,It's okay for the price.,0,38.057983349065765,-105.52399724021744,constant_value
user_277,43,USA,Free,38.80904368918361,2023-05-23 21:48:26,1,I will definitely renew my subscription.,0,26.955035633788945,-109.38859623141055,constant_value
user_278,46,Australia,Premium,30.762129652280983,2023-11-29 06:57:54,5,The new feature is fantastic!,0,32.5463991039031,-106.17394609739985,constant_value
user_279,45,UK,Free,40.582858136004596,2023-05-28 21:50:09,4,Had some issues with payment processing.,0,39.23609002215429,-73.33551123783933,constant_value
user_280,37,USA,Free,78.94798140491056,2023-08-21 14:27:47,5,"Amazing service, loved it!",1,30.999518861987127,-84.26219246808763,constant_value
user_281,35,USA,Premium,40.183754410648575,2023-01-14 01:03:48,2,Could be better.,0,43.335680324192,-113.49623099756455,constant_value
user_282,45,Australia,Free,89.56471658667911,2023-05-31 07:38:09,4,The UI is a bit confusing.,0,45.118477191217224,-91.20805543825652,constant_value
user_283,46,USA,Free,44.04871584128941,2023-05-10 02:46:39,3,Best product in the market.,0,26.94947853978723,-122.98605359299614,constant_value
user_284,28,USA,Premium,35.60078907274435,2023-11-16 08:06:46,4,I found a bug on the checkout page.,0,42.77612186686094,-84.01974824528897,constant_value
user_285,37,Canada,Premium,58.814566555903454,2023-05-24 11:51:10,3,Customer support was very helpful.,0,39.698505313225546,-120.57747564677791,constant_value
user_286,41,USA,Free,64.92022757649289,2023-07-20 08:51:22,2,It's okay for the price.,0,38.58558294862822,-116.91377766448443,constant_value
user_287,56,USA,Free,92.00858063218267,2023-01-30 23:06:04,4,I will definitely renew my subscription.,0,47.22284638019711,-76.107070190523,constant_value
user_288,47,Canada,Free,32.232383863446834,2023-03-21 21:04:24,4,The new feature is fantastic!,0,33.80801528932645,-101.9911195314266,constant_value
user_289,33,USA,Free,58.59221845936649,2023-05-27 18:31:52,2,Had some issues with payment processing.,0,41.37821176320743,-96.65306844247588,constant_value
user_290,26,Canada,Free,35.763942687454794,2023-01-28 13:00:19,5,"Amazing service, loved it!",0,31.59021497441101,-112.13443445790348,constant_value
user_291,47,UK,Free,32.50998873311488,2023-10-31 03:23:35,5,Could be better.,0,25.176938632477057,-105.97399448979901,constant_value
user_292,33,USA,Free,46.82093951741971,2023-05-06 17:02:41,4,The UI is a bit confusing.,0,25.2215195530701,-73.48217560508087,constant_value
user_293,24,Canada,Free,83.91705201098567,2023-09-02 16:32:42,3,Best product in the market.,1,34.10188962857555,-119.26356511340914,constant_value
user_294,36,UK,Premium,53.862408269266645,2023-10-24 03:53:16,5,I found a bug on the checkout page.,0,34.84298761416492,-81.00594320749727,constant_value
user_295,31,UK,Free,47.60852428116571,2023-08-29 19:21:51,1,Customer support was very helpful.,0,31.11012150369947,-123.20229429161394,constant_value
user_296,30,Canada,Premium,19.85157237112795,2023-01-10 19:26:19,5,It's okay for the price.,0,42.98711114791255,-72.4896963587731,constant_value
user_297,27,UK,Premium,53.5310158911959,2023-10-04 21:14:19,3,I will definitely renew my subscription.,0,32.77558153912687,-80.43930909040718,constant_value
user_298,43,UK,Free,32.72348943409999,2023-06-03 19:27:34,3,The new feature is fantastic!,0,31.608570276903254,-77.62811295697966,constant_value
user_299,30,USA,Premium,56.59138093971687,2023-12-01 15:35:52,5,Had some issues with payment processing.,1,44.61125430990703,-99.29830381134809,constant_value
user_300,27,Australia,Premium,44.46298178221675,2023-09-10 18:21:28,5,"Amazing service, loved it!",0,28.12882762808134,-73.09993363070254,constant_value
user_301,50,USA,Free,4.144226834244957,2023-03-31 11:39:47,3,Could be better.,0,42.67346217050153,-88.94218868623017,constant_value
user_302,33,USA,Free,23.37111955900926,2023-01-16 06:31:22,4,The UI is a bit confusing.,1,33.74652659752635,-122.70078032927127,constant_value
user_303,38,USA,Premium,75.90404959406855,2023-12-26 10:16:42,5,Best product in the market.,1,44.28144453824937,-107.22814531511875,constant_value
user_304,39,USA,Free,57.80002306565623,2023-03-15 08:24:20,4,I found a bug on the checkout page.,1,27.040784938489,-100.54015924422033,constant_value
user_305,27,USA,Free,45.66952654601431,2023-05-01 08:46:39,5,Customer support was very helpful.,0,47.2534864789994,-80.43263769051786,constant_value
user_306,36,USA,Free,43.18613477316868,2023-04-13 21:39:41,4,It's okay for the price.,0,47.06446179296009,-120.5200476242295,constant_value
user_307,46,Canada,Premium,42.63275408798827,2023-09-04 03:07:56,2,I will definitely renew my subscription.,1,44.629544304736946,-96.70366745765743,constant_value
user_308,39,UK,Premium,44.2577784204316,2023-02-05 15:25:05,2,The new feature is fantastic!,0,41.69177038631954,-89.98720244060225,constant_value
user_309,29,USA,Free,25.481258714933748,2023-09-03 21:41:38,1,Had some issues with payment processing.,0,38.20751368220779,-116.29898774921547,constant_value
user_310,31,USA,Free,47.29291517777247,2023-11-12 04:55:45,1,"Amazing service, loved it!",1,28.216414387005702,-120.92447398486975,constant_value
user_311,41,USA,Premium,50.64057556974277,2023-05-03 00:12:47,5,Could be better.,1,28.289964034103022,-98.74086653808106,constant_value
user_312,37,Canada,Free,67.00648600208586,2023-07-04 02:22:32,2,The UI is a bit confusing.,0,25.392030828671373,-81.22734992993958,constant_value
user_313,34,UK,Basic,26.48272046482584,2023-02-24 08:54:09,3,Best product in the market.,0,40.47976203865412,-70.96655086256811,constant_value
user_314,43,Canada,Free,58.458379225700284,2023-07-17 15:35:01,2,I found a bug on the checkout page.,0,35.91347783385131,-97.36486589616202,constant_value
user_315,30,UK,Free,47.37018275565331,2023-09-17 16:41:59,2,Customer support was very helpful.,0,37.17605856014341,-69.28290722762581,constant_value
user_316,43,Australia,Free,52.176160941280116,2023-12-03 03:03:36,4,It's okay for the price.,1,49.28839560698013,-118.79043406679682,constant_value
user_317,38,Canada,Free,60.991855828594865,2023-06-17 13:55:40,3,I will definitely renew my subscription.,0,45.26368216607232,-124.01520177563043,constant_value
user_318,36,USA,Free,73.62394287905904,2023-11-26 17:10:09,4,The new feature is fantastic!,0,33.63134846334048,-73.63786925648945,constant_value
user_319,32,Australia,Free,36.246977897519784,2023-11-07 21:37:18,1,Had some issues with payment processing.,0,41.67533715816252,-69.28525203505482,constant_value
user_320,56,USA,Premium,33.625669948717416,2023-08-16 14:11:12,5,"Amazing service, loved it!",0,26.814802924894497,-90.1582169139497,constant_value
user_321,32,USA,Free,26.577183079036185,2023-10-01 09:24:16,5,Could be better.,1,36.436350070934026,-71.34764635154978,constant_value
user_322,27,USA,Premium,87.01550104798575,2023-06-11 15:04:26,1,The UI is a bit confusing.,0,26.628504505085438,-87.79147630706079,constant_value
user_323,25,Canada,Premium,37.81563402035239,2023-07-21 16:49:06,3,Best product in the market.,0,33.03000396716168,-105.16452391959353,constant_value
user_324,19,Australia,Free,56.18850430008494,2023-03-07 04:03:06,5,I found a bug on the checkout page.,0,29.530905241872087,-103.66646050493145,constant_value
user_325,25,Canada,Free,57.349678965966724,2023-03-10 13:04:03,5,Customer support was very helpful.,0,40.92452915678592,-104.43931484259271,constant_value
user_326,31,UK,Free,6.10305308714123,2023-10-26 02:21:58,1,It's okay for the price.,0,26.896366946059555,-111.57725056991535,constant_value
user_327,36,USA,Free,58.773650175199194,2023-07-04 00:34:45,2,I will definitely renew my subscription.,0,29.746212127205442,-87.21068905533727,constant_value
user_328,25,Canada,Free,50.270779848641716,2023-03-21 01:23:30,3,The new feature is fantastic!,0,35.17376938022038,-76.00985131466395,constant_value
user_329,40,Australia,Premium,74.36251371533423,2023-08-24 04:25:32,5,Had some issues with payment processing.,1,39.45072703438378,-76.2843500236977,constant_value
user_330,32,USA,Free,35.12314540789496,2023-02-15 05:55:40,1,"Amazing service, loved it!",0,31.25639731116177,-88.01316729800398,constant_value
user_331,22,USA,Free,58.546203781509774,2023-01-30 15:22:04,5,Could be better.,1,40.61121373014565,-78.39616933228078,constant_value
user_332,50,USA,Premium,42.53427030475063,2023-12-27 18:17:32,5,The UI is a bit confusing.,0,30.199690582596695,-95.35045291246897,constant_value
user_333,37,UK,Basic,32.00676251583061,2023-04-20 18:45:36,4,Best product in the market.,0,36.2600146305196,-96.08991138032965,constant_value
user_334,39,USA,Premium,39.18501115609403,2023-07-03 04:36:03,2,I found a bug on the checkout page.,1,26.164102422971,-101.2684355077077,constant_value
user_335,39,UK,Premium,59.69893095227752,2023-06-27 08:29:07,2,Customer support was very helpful.,1,30.010761082757234,-84.58781693064748,constant_value
user_336,28,Canada,Premium,90.06682001347266,2023-02-02 00:05:14,2,It's okay for the price.,0,39.831369561646,-90.69291908194874,constant_value
user_337,45,USA,Premium,44.02193455218667,2023-05-25 14:59:57,4,I will definitely renew my subscription.,0,35.16443232512366,-79.77323622222558,constant_value
user_338,32,Canada,Free,83.43449004267006,2023-12-27 11:34:52,3,The new feature is fantastic!,0,32.98595875931664,-85.05226783630236,constant_value
user_339,33,UK,Premium,59.23482614207602,2023-07-31 16:01:14,2,Had some issues with payment processing.,0,29.96927227591305,-98.47930590744141,constant_value
user_340,43,USA,Free,35.28918823436493,2023-05-22 09:53:03,3,"Amazing service, loved it!",0,27.988249730143753,-112.42703742844647,constant_value
user_341,29,Canada,Basic,87.82898469077789,2023-11-17 00:21:18,4,Could be better.,0,36.05985372554401,-65.84501089554337,constant_value
user_342,29,Canada,Premium,0.0,2023-12-29 02:20:14,1,The UI is a bit confusing.,0,36.50498770599577,-111.13226557819179,constant_value
user_343,36,USA,Free,72.96101321176528,2023-04-06 22:22:43,4,Best product in the market.,1,48.81497973649514,-91.60006842786068,constant_value
user_344,43,USA,Premium,74.0147437462539,2023-06-22 07:39:36,5,I found a bug on the checkout page.,0,38.27192133283509,-91.49423255185991,constant_value
user_345,36,Canada,Free,40.72606024399192,2023-08-18 16:14:49,1,Customer support was very helpful.,0,34.53141724412006,-103.75655580497241,constant_value
user_346,43,UK,Free,26.028959988592934,2023-04-07 12:36:42,4,It's okay for the price.,0,49.24278856478861,-114.67733781670829,constant_value
user_347,48,Australia,Free,104.65564423783877,2023-12-14 01:29:45,1,I will definitely renew my subscription.,0,27.421851140522495,-118.52307683429036,constant_value
user_348,46,USA,Basic,69.99535484244427,2023-11-11 06:29:37,2,The new feature is fantastic!,1,32.10514152782128,-92.6129790023071,constant_value
user_349,49,Canada,Free,6.516982837608948,2023-10-16 04:10:51,2,Had some issues with payment processing.,1,37.03491922702563,-66.42497214783532,constant_value
user_350,38,USA,Premium,43.29707461202678,2023-07-10 23:36:22,3,"Amazing service, loved it!",0,45.408603820407095,-112.4983696282121,constant_value
user_351,34,USA,Free,19.760717419699013,2023-05-27 13:38:51,2,Could be better.,1,32.50557576040207,-87.8227353141389,constant_value
user_352,36,Canada,Free,21.141515531939326,2023-12-05 01:44:03,2,The UI is a bit confusing.,1,35.640194519178635,-68.52965808014346,constant_value
user_353,53,Canada,Premium,0.0,2023-08-16 15:23:03,4,Best product in the market.,0,49.99542527383617,-89.53740127120474,constant_value
user_354,26,USA,Free,14.544831199541614,2023-06-16 22:56:03,3,I found a bug on the checkout page.,0,48.87938179049446,-104.33054790908852,constant_value
user_355,44,USA,Free,51.233546387868834,2023-12-07 17:34:26,4,Customer support was very helpful.,0,43.19020164450056,-119.96234769646898,constant_value
user_356,39,USA,Free,59.99082835822412,2023-06-26 00:39:15,5,It's okay for the price.,0,34.97452917399071,-112.55267136007267,constant_value
user_357,47,UK,Free,31.866982197128333,2023-12-18 20:13:51,1,I will definitely renew my subscription.,1,38.41980113575582,-91.05114879682768,constant_value
user_358,36,UK,Premium,65.96190719806425,2023-02-13 23:07:39,3,The new feature is fantastic!,0,29.444778078583425,-123.98370438433696,constant_value
user_359,36,USA,Free,34.158179645785665,2023-08-28 11:06:59,5,Had some issues with payment processing.,1,25.54058381971243,-71.56623886644829,constant_value
user_360,40,Australia,Free,17.85644467054088,2023-03-30 11:07:06,2,"Amazing service, loved it!",1,49.56817302230317,-113.3099921462896,constant_value
user_361,37,UK,Free,43.42334618325733,2023-03-03 08:12:07,5,Could be better.,0,29.611662900458224,-113.21377206798849,constant_value
user_362,35,Canada,Premium,0.0,2023-06-03 23:53:35,5,The UI is a bit confusing.,0,48.47778675375137,-76.16184324669834,constant_value
user_363,33,USA,Free,78.35931656942967,2023-08-08 21:28:10,5,Best product in the market.,0,45.616690279056776,-101.83902539964251,constant_value
user_364,24,USA,Free,44.42502030634805,2023-03-14 01:56:29,5,I found a bug on the checkout page.,0,29.901920125315122,-113.29859255764964,constant_value
user_365,64,USA,Free,23.765934207149826,2023-07-12 21:28:15,1,Customer support was very helpful.,0,43.28961687181484,-116.35552377225348,constant_value
user_366,14,Canada,Premium,54.79291522604126,2023-09-09 09:38:14,1,It's okay for the price.,0,41.599561790064584,-115.58037641249221,constant_value
user_367,12,Australia,Free,52.9064230842838,2023-03-03 01:12:30,4,I will definitely renew my subscription.,0,38.643746062966,-99.8364662466249,constant_value
user_368,49,USA,Free,64.78266668403573,2023-03-16 11:04:10,5,The new feature is fantastic!,0,44.2022394160196,-113.40726148093584,constant_value
user_369,32,USA,Free,10.000074105073015,2023-07-08 07:12:37,3,Had some issues with payment processing.,0,26.362470287309232,-67.32249259868648,constant_value
user_370,11,Australia,Premium,3.5731642856747623,2023-04-15 03:42:58,4,"Amazing service, loved it!",0,36.238848625367254,-81.08841990188613,constant_value
user_371,33,USA,Free,37.85519433900441,2023-01-19 06:21:50,2,Could be better.,1,49.92965807174913,-83.54221335225094,constant_value
user_372,40,UK,Free,57.990450465774316,2023-09-27 22:19:25,1,The UI is a bit confusing.,0,36.13887073427373,-120.75011622362459,constant_value
user_373,41,USA,Premium,62.89433380970136,2023-06-10 03:43:32,2,Best product in the market.,0,43.969727685538054,-88.14639357913059,constant_value
user_374,34,USA,Free,53.829298485783205,2023-08-05 11:24:31,2,I found a bug on the checkout page.,0,25.378654376354294,-66.77860795602369,constant_value
user_375,46,USA,Premium,40.95536611335384,2023-01-04 02:02:19,1,Customer support was very helpful.,1,37.291542617699186,-102.51865036949589,constant_value
user_376,29,Australia,Free,52.4043122157482,2023-04-13 18:23:07,3,It's okay for the price.,0,29.52293889011829,-109.28651232865984,constant_value
user_377,28,USA,Free,61.226820453250106,2023-02-22 03:36:18,1,I will definitely renew my subscription.,1,35.19631061986175,-110.09795310828318,constant_value
user_378,45,UK,Premium,78.13060769129034,2023-02-05 22:24:22,1,The new feature is fantastic!,0,28.505695692378687,-102.58773587859888,constant_value
user_379,27,Canada,Free,25.114534396956262,2023-10-11 04:40:35,4,Had some issues with payment processing.,1,37.023054723141065,-71.24755743536561,constant_value
user_380,35,USA,Premium,89.8841814663722,2023-03-24 22:39:29,4,"Amazing service, loved it!",0,26.97602188695443,-104.83471574546785,constant_value
user_381,27,USA,Free,56.52767023988407,2023-01-26 03:59:48,1,Could be better.,0,30.826667218345438,-121.72794016386712,constant_value
user_382,35,UK,Free,51.68765866861447,2023-08-19 03:09:49,3,The UI is a bit confusing.,0,34.99131904483583,-78.00966367823085,constant_value
user_383,41,UK,Premium,49.180806063293424,2023-12-22 22:35:59,3,Best product in the market.,0,31.60685312857127,-73.36636774428823,constant_value
user_384,21,UK,Free,53.15510890885068,2023-06-07 08:30:15,2,I found a bug on the checkout page.,1,26.278451979554603,-83.6551394030566,constant_value
user_385,22,USA,Premium,61.85095526376623,2023-07-30 12:52:05,5,Customer support was very helpful.,0,28.227219101587337,-70.70923834743053,constant_value
user_386,29,USA,Premium,24.791055014058333,2023-07-21 14:48:23,2,It's okay for the price.,1,25.89675739330805,-117.94858386125848,constant_value
user_387,47,USA,Premium,41.492390088206676,2023-10-25 14:50:02,4,I will definitely renew my subscription.,0,36.54157713829206,-111.38912382137237,constant_value
user_388,26,USA,Free,0.0,2023-12-31 03:36:21,3,The new feature is fantastic!,0,29.82157178400103,-123.08929606641902,constant_value
user_389,33,USA,Basic,19.634600131703024,2023-06-15 04:54:56,4,Had some issues with payment processing.,0,25.7371773036108,-106.6958578964864,constant_value
user_390,36,UK,Free,59.97101783550797,2023-09-22 07:04:13,3,"Amazing service, loved it!",0,32.98527046395471,-88.50421529838802,constant_value
user_391,35,UK,Basic,38.5599532976603,2023-12-20 11:06:41,5,Could be better.,0,30.788890674767945,-68.45942425654862,constant_value
user_392,41,USA,Free,35.804623533506046,2023-12-18 08:11:20,3,The UI is a bit confusing.,0,32.02280983093897,-120.3220834888143,constant_value
user_393,48,USA,Basic,49.64119019306247,2023-10-26 17:02:55,4,Best product in the market.,1,33.79081169862622,-118.59382042887142,constant_value
user_394,33,USA,Premium,51.75198705391485,2023-06-18 14:13:17,2,I found a bug on the checkout page.,1,34.745978735616276,-88.28924316630977,constant_value
user_395,41,USA,Basic,59.62147167826439,2023-06-27 22:57:53,5,Customer support was very helpful.,0,25.166591093753418,-121.89638709309837,constant_value
user_396,15,Canada,Premium,45.475366874112204,2023-01-12 06:17:27,2,It's okay for the price.,1,34.82095551334982,-71.32666068437953,constant_value
user_397,28,Australia,Premium,62.694752151543575,2023-11-01 04:37:28,2,I will definitely renew my subscription.,0,42.23018203354476,-70.77926724273732,constant_value
user_398,41,USA,Free,24.708254844046017,2023-07-06 18:58:30,3,The new feature is fantastic!,0,32.96059907096795,-77.73979078837446,constant_value
user_399,36,UK,Premium,19.804268116837914,2023-05-19 12:50:13,4,Had some issues with payment processing.,0,44.87684680763352,-98.41541880472494,constant_value
user_400,33,UK,Free,56.77157766281391,2023-02-10 09:32:08,4,"Amazing service, loved it!",1,48.089550063146916,-84.58537315539297,constant_value
user_401,38,UK,Free,48.84931796423936,2023-10-05 09:33:20,2,Could be better.,0,49.22113931179446,-95.11618200984901,constant_value
user_402,30,USA,Premium,48.94245433763176,2023-10-11 18:26:24,4,The UI is a bit confusing.,0,42.999832978347186,-116.05278423889277,constant_value
user_403,41,UK,Free,22.159423132159045,2023-08-10 15:54:31,3,Best product in the market.,1,43.71682672643778,-90.4483737386214,constant_value
user_404,36,Canada,Free,54.74693389834818,2023-06-01 06:47:38,2,I found a bug on the checkout page.,0,46.830339942356076,-115.51601166741888,constant_value
user_405,29,USA,Premium,36.50221943295417,2023-03-07 11:03:47,3,Customer support was very helpful.,0,36.400540389570274,-76.57056404779198,constant_value
user_406,16,USA,Free,14.59148514220831,2023-02-14 08:15:07,3,It's okay for the price.,0,41.02823254843359,-96.51845183443513,constant_value
user_407,21,Australia,Premium,67.72073934544544,2023-11-11 05:05:15,3,I will definitely renew my subscription.,0,39.80115532069385,-85.14740847625967,constant_value
user_408,35,Australia,Free,42.54812611650792,2023-09-27 00:50:18,5,The new feature is fantastic!,0,37.668317335019836,-81.1854493629043,constant_value
user_409,34,Canada,Premium,76.29564732700841,2023-02-28 17:44:59,3,Had some issues with payment processing.,0,43.26671786536464,-78.56627528110896,constant_value
user_410,28,USA,Free,34.84107713844783,2023-09-14 21:54:33,1,"Amazing service, loved it!",0,49.15721222132433,-110.84917821284634,constant_value
user_411,24,Australia,Free,64.8898234686904,2023-07-27 07:17:21,3,Could be better.,0,35.225342643840136,-82.21318034721978,constant_value
user_412,29,USA,Free,25.71931665191056,2023-01-02 20:43:15,1,The UI is a bit confusing.,0,28.856633917838153,-111.51557731928717,constant_value
user_413,38,UK,Premium,51.40193247123881,2023-01-23 05:43:20,1,Best product in the market.,0,33.62435489996749,-73.102941740113,constant_value
user_414,33,USA,Premium,56.666427367975565,2023-11-30 09:08:57,5,I found a bug on the checkout page.,0,34.154127723514634,-107.12093664656955,constant_value
user_415,19,USA,Free,10.326297696716392,2023-09-20 02:55:14,4,Customer support was very helpful.,1,32.433469703207756,-70.52658472270036,constant_value
user_416,36,UK,Free,65.63074984286379,2023-09-03 02:29:25,1,It's okay for the price.,1,48.74288761422299,-67.75099704249932,constant_value
user_417,50,USA,Free,64.24520552381945,2023-04-02 03:28:28,3,I will definitely renew my subscription.,0,26.073124912886964,-108.20522594888043,constant_value
user_418,56,USA,Basic,73.79492306164208,2023-01-13 21:13:54,2,The new feature is fantastic!,0,37.37029509450124,-124.86222730420245,constant_value
user_419,64,USA,Free,23.573375816771502,2023-01-11 22:18:57,1,Had some issues with payment processing.,0,35.99197040527083,-70.51365983764627,constant_value
user_420,41,USA,Free,43.77412511515089,2023-01-28 18:32:19,1,"Amazing service, loved it!",0,45.9690017364543,-83.57946100629229,constant_value
user_421,28,Canada,Free,62.803776789384735,2023-10-20 15:53:59,3,Could be better.,1,36.830019938925034,-98.5457151856067,constant_value
user_422,33,UK,Free,20.184216603110368,2023-05-31 11:28:53,2,The UI is a bit confusing.,0,42.372510442731084,-111.57029252683849,constant_value
user_423,26,UK,Free,56.82215048632583,2023-10-26 20:36:22,4,Best product in the market.,0,39.50296367267586,-99.34245863530914,constant_value
user_424,25,USA,Free,34.08057701173518,2023-06-06 19:17:20,4,I found a bug on the checkout page.,0,29.621794414342595,-86.78270287887099,constant_value
user_425,32,USA,Free,73.88499600582841,2023-07-08 05:58:20,4,Customer support was very helpful.,1,25.41673437399735,-82.67845496764163,constant_value
user_426,34,UK,Basic,17.57975954105884,2023-08-18 22:06:25,4,It's okay for the price.,0,44.32052715492551,-101.09035160298606,constant_value
user_427,29,USA,Free,51.355614379535304,2023-12-04 10:17:36,1,I will definitely renew my subscription.,0,26.69887604483286,-85.6267309396046,constant_value
user_428,39,Canada,Free,41.59569564442989,2023-12-04 20:04:11,3,The new feature is fantastic!,0,44.143188861188165,-102.56884438804853,constant_value
user_429,39,Australia,Free,19.18110973629442,2023-04-05 18:14:32,4,Had some issues with payment processing.,0,45.902990503621886,-85.66608457411257,constant_value
user_430,26,Australia,Free,56.54813342884116,2023-02-24 22:36:37,1,"Amazing service, loved it!",0,31.63792535303306,-66.91611889148804,constant_value
user_431,45,UK,Premium,63.493749741366855,2023-09-11 11:21:50,2,Could be better.,0,41.44996512977271,-119.41441016052562,constant_value
user_432,28,Canada,Free,52.447307176286685,2023-02-15 19:31:24,3,The UI is a bit confusing.,0,45.41282493489656,-98.87339239686105,constant_value
user_433,34,USA,Free,43.111921913922586,2023-09-20 22:38:27,3,Best product in the market.,0,38.43412604889666,-72.81525932748227,constant_value
user_434,25,USA,Free,50.63221403145676,2023-12-23 16:55:58,5,I found a bug on the checkout page.,0,37.78568442237117,-90.38383321644747,constant_value
user_435,23,Australia,Premium,30.982328557747824,2023-01-03 06:44:00,3,Customer support was very helpful.,1,34.602184288575344,-68.69433220313962,constant_value
user_436,40,UK,Basic,76.82915567699675,2023-10-10 19:52:54,1,It's okay for the price.,0,45.75954261359485,-113.68178618040567,constant_value
user_437,33,USA,Premium,30.726744747717706,2023-06-05 08:17:35,1,I will definitely renew my subscription.,0,30.71510506706265,-75.05916858383901,constant_value
user_438,36,UK,Free,36.295345976089806,2023-03-17 22:23:05,3,The new feature is fantastic!,1,38.949106320445,-83.03756538308117,constant_value
user_439,46,USA,Free,74.47542386240875,2023-11-18 18:27:20,4,Had some issues with payment processing.,0,44.064943160438546,-74.86072065467873,constant_value
user_440,34,UK,Free,91.4357637726532,2023-05-28 09:28:43,2,"Amazing service, loved it!",0,33.30399640742502,-104.381862515131,constant_value
user_441,30,USA,Premium,57.242241730948706,2023-05-18 11:53:27,5,Could be better.,1,45.17146686635496,-82.80737746603106,constant_value
user_442,26,Australia,Premium,92.21020633986723,2023-03-30 01:10:55,3,The UI is a bit confusing.,0,35.38115716926169,-111.66176330675111,constant_value
user_443,48,UK,Free,42.893815030679946,2023-09-05 15:56:51,3,Best product in the market.,0,49.63073511436612,-74.99470178488224,constant_value
user_444,35,Australia,Free,87.00993224719326,2023-05-28 22:23:18,4,I found a bug on the checkout page.,0,31.72515120868522,-88.23466805420723,constant_value
user_445,38,Australia,Free,0.0,2023-04-24 18:01:33,2,Customer support was very helpful.,0,39.73508048977004,-101.12326159654852,constant_value
user_446,25,Canada,Free,45.414375085352525,2023-03-01 02:03:34,2,It's okay for the price.,0,45.745883289310356,-73.27860887263425,constant_value
user_447,34,USA,Free,18.798225992801537,2023-06-18 02:25:19,4,I will definitely renew my subscription.,0,46.44851411932342,-79.53252345914012,constant_value
user_448,32,Australia,Premium,25.086999388085633,2023-09-24 21:38:28,3,The new feature is fantastic!,0,46.21385573427851,-124.23107116575652,constant_value
user_449,31,UK,Free,2.2854910094249394,2023-05-23 13:03:15,1,Had some issues with payment processing.,0,38.9364138060682,-69.67992862536009,constant_value
user_450,53,USA,Premium,69.3850575890511,2023-10-23 14:44:42,4,"Amazing service, loved it!",0,43.61889935874263,-95.09873703932247,constant_value
user_451,54,UK,Free,14.011833181255268,2023-11-02 17:34:17,3,Could be better.,0,49.1367190639368,-119.24195653410365,constant_value
user_452,34,USA,Basic,32.54266769345474,2023-10-27 11:52:47,4,The UI is a bit confusing.,1,40.58880197307744,-73.65241543245101,constant_value
user_453,34,UK,Free,64.5780612140371,2023-11-05 11:53:58,3,Best product in the market.,0,31.14191982687303,-117.75646426859578,constant_value
user_454,28,Australia,Free,45.6291645092647,2023-11-11 13:22:49,2,I found a bug on the checkout page.,1,28.674977506770894,-72.62833256441702,constant_value
user_455,21,USA,Free,23.41848755342124,2023-01-29 11:29:52,3,Customer support was very helpful.,0,37.723252501172055,-109.53456333117987,constant_value
user_456,11,USA,Free,54.95028704162334,2023-12-08 13:45:08,1,It's okay for the price.,0,35.313345658401744,-89.32077215458169,constant_value
user_457,27,USA,Premium,57.836903952493984,2023-05-21 19:09:50,2,I will definitely renew my subscription.,0,39.818522274657354,-80.846682201178,constant_value
user_458,22,USA,Premium,5.605767906484149,2023-07-09 17:39:19,1,The new feature is fantastic!,0,27.273350841444717,-82.27689291346401,constant_value
user_459,45,Canada,Free,86.11658718471408,2023-03-23 02:12:46,1,Had some issues with payment processing.,0,39.259858417070234,-75.80061805962266,constant_value
user_460,34,UK,Free,20.0447636116063,2023-07-22 07:47:56,3,"Amazing service, loved it!",0,29.0268619325993,-84.3160317360445,constant_value
user_461,33,USA,Free,32.159174578222135,2023-08-12 11:24:06,1,Could be better.,0,25.122387683551956,-87.91912709877062,constant_value
user_462,33,USA,Free,50.48132602777098,2023-02-27 22:00:36,1,The UI is a bit confusing.,0,26.385094909093887,-95.6680684685085,constant_value
user_463,29,USA,Free,47.57954319152112,2023-11-04 13:57:21,2,Best product in the market.,0,29.898573064277954,-99.34883590175582,constant_value
user_464,31,Canada,Premium,18.37617594913234,2023-11-06 15:09:39,4,I found a bug on the checkout page.,0,36.18269231540352,-105.77943858967139,constant_value
user_465,46,Canada,Premium,55.50315535405485,2023-09-28 12:12:03,2,Customer support was very helpful.,0,38.22213322921701,-123.13689630449382,constant_value
user_466,36,USA,Free,40.71115184121913,2023-06-26 01:56:21,4,It's okay for the price.,0,45.59537706597207,-80.53287753440648,constant_value
user_467,35,USA,Premium,16.96257419110758,2023-03-31 21:20:37,4,I will definitely renew my subscription.,1,33.650233801068886,-85.86404619647686,constant_value
user_468,41,USA,Premium,37.07991938935271,2023-10-08 06:44:53,1,The new feature is fantastic!,0,44.19968113630346,-115.31286962241958,constant_value
user_469,26,USA,Free,23.815610045781877,2023-04-28 03:33:02,1,Had some issues with payment processing.,0,48.20154913058307,-73.92876209922525,constant_value
user_470,39,UK,Free,61.75361565427122,2023-05-01 10:48:34,2,"Amazing service, loved it!",0,44.095427191779066,-89.69566025127558,constant_value
user_471,28,UK,Free,61.97965771254727,2023-10-06 03:22:31,3,Could be better.,0,34.64877583153525,-68.88523981644579,constant_value
user_472,49,USA,Free,50.94934739571133,2023-11-16 19:53:03,4,The UI is a bit confusing.,0,33.95090098098783,-66.36450275677205,constant_value
user_473,47,UK,Free,8.565223941998779,2023-04-26 00:01:11,4,Best product in the market.,0,34.293089431638876,-75.7059388325042,constant_value
user_474,35,USA,Premium,47.99761548342902,2023-03-06 21:02:35,2,I found a bug on the checkout page.,0,43.18855283978278,-77.05287083704752,constant_value
user_475,52,USA,Basic,80.34990646545461,2023-01-02 23:59:30,4,Customer support was very helpful.,0,40.04178593829271,-72.17551089540173,constant_value
user_476,28,USA,Premium,75.686074410313,2023-06-14 08:16:54,5,It's okay for the price.,0,38.73933293090079,-84.3144132904755,constant_value
user_477,43,USA,Free,0.0,2023-05-02 22:14:31,2,I will definitely renew my subscription.,0,46.87529781429199,-102.43545287717538,constant_value
user_478,36,Canada,Free,5.713027212272481,2023-08-16 10:04:39,5,The new feature is fantastic!,0,40.94651239891309,-90.07678753891418,constant_value
user_479,43,USA,Premium,65.42669597399507,2023-01-13 09:38:09,5,Had some issues with payment processing.,0,43.58894246675033,-111.72599613730831,constant_value
user_480,45,USA,Premium,47.669579291125906,2023-04-26 04:33:07,4,"Amazing service, loved it!",1,41.87351474980679,-80.77489539916009,constant_value
user_481,23,USA,Basic,57.409188947124804,2023-03-14 01:08:49,5,Could be better.,1,31.09345262887047,-99.81314634840734,constant_value
user_482,38,Australia,Free,17.56578662975378,2023-02-23 15:35:31,4,The UI is a bit confusing.,0,44.626262293489454,-101.64951082827612,constant_value
user_483,-4,UK,Free,53.811804660030035,2023-02-17 10:47:06,3,Best product in the market.,0,36.26554776850348,-105.35401086337512,constant_value
user_484,39,USA,Free,29.045232785263156,2023-11-24 09:31:45,5,I found a bug on the checkout page.,1,25.5628181441286,-78.12070017198711,constant_value
user_485,51,USA,Basic,59.823099527939455,2023-12-15 09:38:05,1,Customer support was very helpful.,0,40.24857854022404,-83.44638743762772,constant_value
user_486,27,Australia,Free,39.67458235922263,2023-01-04 14:38:40,1,It's okay for the price.,0,43.15966881926013,-82.32638999248691,constant_value
user_487,40,UK,Free,50.877203289124814,2023-09-15 09:19:50,3,I will definitely renew my subscription.,0,44.26518029395078,-90.31255053972788,constant_value
user_488,45,Canada,Free,42.07088634650717,2023-07-25 00:50:16,5,The new feature is fantastic!,0,43.758445995370536,-105.1398035642236,constant_value
user_489,13,Canada,Free,61.12955748015917,2023-06-13 10:02:08,4,Had some issues with payment processing.,0,38.46985257483445,-111.97015730385483,constant_value
user_490,33,UK,Free,49.50277333423747,2023-08-17 22:33:57,4,"Amazing service, loved it!",0,43.69880109019369,-91.12374150748202,constant_value
user_491,29,Canada,Free,46.83564616226353,2023-08-18 09:10:00,1,Could be better.,0,33.31637115713109,-86.48750775476948,constant_value
user_492,44,UK,Free,84.17141604680059,2023-06-19 08:36:36,5,The UI is a bit confusing.,0,36.84947194657446,-65.63388184791674,constant_value
user_493,33,Australia,Free,42.66224072290424,2023-01-04 02:46:12,2,Best product in the market.,0,31.073970691431054,-71.50472930580271,constant_value
user_494,45,USA,Free,3.881827724207587,2023-01-02 22:20:03,5,I found a bug on the checkout page.,0,32.16835522285893,-97.2491461981748,constant_value
user_495,45,USA,Premium,38.568987847524504,2023-01-19 23:33:37,2,Customer support was very helpful.,0,36.34415999846945,-112.31528181478893,constant_value
user_496,35,USA,Free,32.05794584350674,2023-06-16 12:14:00,5,It's okay for the price.,1,36.51519261538044,-73.48599348526288,constant_value
user_497,42,USA,Free,43.965472143814566,2023-06-08 06:06:41,2,I will definitely renew my subscription.,0,40.979368473637244,-101.7942045214469,constant_value
user_498,46,UK,Basic,62.46371442286991,2023-12-11 23:33:50,1,The new feature is fantastic!,0,27.730069109220825,-66.572806394832,constant_value
user_499,28,UK,Premium,24.558004137921724,2023-11-09 09:51:14,4,Had some issues with payment processing.,0,31.678934539304713,-82.33406913807545,constant_value
